{"score":213.20916748046876,"maxScore":161.0147247314453,"datas":[{"type":0,"num":15},{"type":1,"num":17},{"type":2,"num":0}]}