{"score":1201.7593994140625,"maxScore":785.539306640625,"datas":[{"type":0,"num":24},{"type":1,"num":22},{"type":2,"num":0}]}