{"score":1524.7034912109375,"maxScore":785.539306640625,"datas":[{"type":0,"num":30},{"type":1,"num":24},{"type":2,"num":0}]}